seen, seed_size, seed_score
357413, 1000, 3.92839e+06
736023, 2000, 6.24501e+06
1107387, 3000, 7.31484e+06
1491828, 4000, 8.59804e+06
1919569, 5000, 9.52113e+06
2325182, 6000, 1.01797e+07
2730269, 7000, 1.08956e+07
3189560, 8000, 1.15988e+07
3609562, 9000, 1.22879e+07
4073108, 10000, 1.28673e+07
4165223, 10000, 1.28669e+07
