seen, seed_size, seed_score
348721, 1000, 3.82244e+06
706624, 2000, 6.58161e+06
1073902, 3000, 7.59346e+06
1481982, 4000, 8.64251e+06
1875254, 5000, 9.22456e+06
2277108, 6000, 1.00659e+07
2708029, 7000, 1.08027e+07
3137347, 8000, 1.13691e+07
3591970, 9000, 1.19726e+07
4055223, 10000, 1.25644e+07
4165223, 10000, 1.25732e+07
