seen, seed_size, seed_score
1351737, 1000, 7.54248e+06
2834877, 2000, 1.00136e+07
4165223, 2817, 1.20187e+07
