seen, seed_size, seed_score
624953, 500, 5.53131e+06
1351737, 1000, 7.52718e+06
2083779, 1500, 8.71392e+06
2834877, 2000, 1.00171e+07
3617939, 2500, 1.09821e+07
4165223, 2817, 1.20176e+07
