seen, seed_size, seed_score
1002870, 1000, 3.63449e+06
2008587, 2000, 5.18459e+06
3059149, 3000, 6.31299e+06
4165223, 3990, 7.25464e+06
