dataset, imm_k, imm_e, rtim_k, reach, ap, runtime, seedSize, infScore
nethept,NE_k300_e0,5.txt,Mon Nov 12 13:35:33 2018,Mon Nov 12 13:35:33 2018,0.471183,0,0
nethept,NE_k300_e0,5_ss.txt,Mon Nov 12 13:40:01 2018,Mon Nov 12 13:40:01 2018,0.5426,0,0
nethept,NE_k300_e0,5_ss.txt,Mon Nov 12 13:44:55 2018,Mon Nov 12 13:44:55 2018,0.261132,0,0
nethept,NE_k300_e0,5_ss.txt,Mon Nov 12 13:47:44 2018,Mon Nov 12 13:47:44 2018,0.664132,0,0
nethept,NE_k300_e0,5_ss.txt,Mon Nov 12 13:51:22 2018,Mon Nov 12 13:51:22 2018,5.0349,300,300.67
