seen, seed_size, seed_score
658318, 500, 5.16612e+06
1319953, 1000, 7.20285e+06
2050454, 1500, 8.96098e+06
2806277, 2000, 1.01012e+07
3604778, 2500, 1.13134e+07
4165223, 2846, 1.19787e+07
