seen, seed_size, seed_score
399809, 1000, 1.74674e+06
787421, 2000, 3.25609e+06
1211543, 3000, 4.23208e+06
1627689, 4000, 5.08809e+06
2051687, 5000, 5.63065e+06
2491546, 6000, 6.04756e+06
2942312, 7000, 6.4097e+06
3368858, 8000, 6.85007e+06
3810418, 9000, 7.26713e+06
4165223, 9864, 7.62354e+06
