seen, seed_size, seed_score
982386, 1000, 3.44088e+06
2000325, 2000, 5.11745e+06
3065911, 3000, 6.02131e+06
4143093, 4000, 7.01954e+06
4165223, 4025, 7.04301e+06
