dataset,nodes,edges,reach,theta_ap,ap_algo,ap_depth,streamModel,streamVersion,streamRuntime,streamProgress,maxAPTime,seedSizeLimit,seedSize,seedScore,seedScoreRuntime,liveRuntime
nethept,15229,62752,5,0.8,APShort,0,rand_no_repeat,1,0.012026,1899,1e-06,32536,100,952.047,9.16723,9.18571
nethept,15229,62752,5,0.8,APShort,0,rand_no_repeat,1,0.050901,12358,1.7e-05,32738,1000,5261.83,178.956,179.015
nethept,15229,62752,5,0.8,APShort,0,rand_repeat,1,0.039082,6142,1e-06,0,300,2367.43,35.4282,35.4786
nethept,15229,62752,5,0.8,APShort,0,rand_no_repeat,1,0.032171,5062,2e-06,32743,300,1371.38,21.5274,21.567
twitter,41652230,1468365182,5,0.8,APShort,0,rand_repeat,1,0.010705,1762,0.000674,0,100,522.61,93.4373,111.377
nethept,15229,62752,5,0.8,APShort,0,rand_repeat,1,0.057505,15229,3e-06,32694,771,3096.11,101.948,102.012
