seen, seed_size, seed_score
375485, 100, 1.92289e+06
872203, 200, 2.83227e+06
1338512, 300, 3.83299e+06
1741525, 400, 4.22707e+06
2155441, 500, 4.46668e+06
2527797, 600, 4.80703e+06
2979915, 700, 5.31943e+06
3427818, 800, 5.76699e+06
3870806, 900, 5.96549e+06
4165223, 965, 6.24726e+06
