seen, seed_size, seed_score
446142, 100, 1.11941e+06
872477, 200, 2.54555e+06
1250431, 300, 3.21991e+06
1595898, 400, 3.78369e+06
2031307, 500, 4.29839e+06
2532198, 600, 4.63179e+06
2975458, 700, 4.88529e+06
3398534, 800, 5.26636e+06
3909842, 900, 5.64758e+06
4165223, 962, 5.93774e+06
